,Hyperparameters,Mean F1 Score,Mean F1-Score on 'deceased',Mean Accuracy,Mean F1-Score on hospitalized,Mean F1-score on nonhospitalized
model__C,9,0.7865292329684057,0.5238455690701832,0.9308617754450134,0.9834768638270891,0.8522652660079447
model__gamma,0.01,0.7865292329684057,0.5238455690701832,0.9308617754450134,0.9834768638270891,0.8522652660079447
model__kernel,rbf,0.7865292329684057,0.5238455690701832,0.9308617754450134,0.9834768638270891,0.8522652660079447
